,County,Type,Grade Level,Students
0,Barbour,Promotion,Kindergarten,189
1,Barbour,Retention,Kindergarten,2
2,Barbour,Promotion,First Grade,194
3,Barbour,Retention,First Grade,0
4,Barbour,Promotion,Second Grade,183
5,Barbour,Retention,Second Grade,2
6,Barbour,Promotion,Third Grade,181
7,Barbour,Retention,Third Grade,0
8,Barbour,Promotion,Fourth Grade,174
9,Barbour,Retention,Fourth Grade,0
10,Barbour,Promotion,Fifth Grade,157
11,Barbour,Retention,Fifth Grade,0
12,Barbour,Promotion,Sixth Grade,187
13,Barbour,Retention,Sixth Grade,1
14,Barbour,Promotion,Seventh Grade,167
15,Barbour,Retention,Seventh Grade,0
16,Barbour,Promotion,Eighth Grade,166
17,Barbour,Retention,Eighth Grade,1
18,Barbour,Promotion,Ninth Grade,185
19,Barbour,Retention,Ninth Grade,0
20,Barbour,Promotion,Tenth Grade,174
21,Barbour,Retention,Tenth Grade,0
22,Barbour,Promotion,Eleventh Grade,154
23,Barbour,Retention,Eleventh Grade,0
24,Barbour,Promotion,Twelfth Grade,161
25,Barbour,Retention,Twelfth Grade,12
26,Berkeley,Promotion,Kindergarten,1347
27,Berkeley,Retention,Kindergarten,52
28,Berkeley,Promotion,First Grade,1430
29,Berkeley,Retention,First Grade,37
30,Berkeley,Promotion,Second Grade,1377
31,Berkeley,Retention,Second Grade,10
32,Berkeley,Promotion,Third Grade,1360
33,Berkeley,Retention,Third Grade,3
34,Berkeley,Promotion,Fourth Grade,1377
35,Berkeley,Retention,Fourth Grade,15
36,Berkeley,Promotion,Fifth Grade,1341
37,Berkeley,Retention,Fifth Grade,2
38,Berkeley,Promotion,Sixth Grade,1399
39,Berkeley,Retention,Sixth Grade,8
40,Berkeley,Promotion,Seventh Grade,1377
41,Berkeley,Retention,Seventh Grade,17
42,Berkeley,Promotion,Eighth Grade,1343
43,Berkeley,Retention,Eighth Grade,15
44,Berkeley,Promotion,Ninth Grade,1426
45,Berkeley,Retention,Ninth Grade,0
46,Berkeley,Promotion,Tenth Grade,1280
47,Berkeley,Retention,Tenth Grade,0
48,Berkeley,Promotion,Eleventh Grade,1022
49,Berkeley,Retention,Eleventh Grade,1
50,Berkeley,Promotion,Twelfth Grade,1039
51,Berkeley,Retention,Twelfth Grade,49
52,Boone,Promotion,Kindergarten,309
53,Boone,Retention,Kindergarten,30
54,Boone,Promotion,First Grade,339
55,Boone,Retention,First Grade,8
56,Boone,Promotion,Second Grade,299
57,Boone,Retention,Second Grade,2
58,Boone,Promotion,Third Grade,326
59,Boone,Retention,Third Grade,2
60,Boone,Promotion,Fourth Grade,331
61,Boone,Retention,Fourth Grade,3
62,Boone,Promotion,Fifth Grade,349
63,Boone,Retention,Fifth Grade,3
64,Boone,Promotion,Sixth Grade,314
65,Boone,Retention,Sixth Grade,0
66,Boone,Promotion,Seventh Grade,353
67,Boone,Retention,Seventh Grade,0
68,Boone,Promotion,Eighth Grade,332
69,Boone,Retention,Eighth Grade,0
70,Boone,Promotion,Ninth Grade,325
71,Boone,Retention,Ninth Grade,16
72,Boone,Promotion,Tenth Grade,302
73,Boone,Retention,Tenth Grade,11
74,Boone,Promotion,Eleventh Grade,279
75,Boone,Retention,Eleventh Grade,0
76,Boone,Promotion,Twelfth Grade,259
77,Boone,Retention,Twelfth Grade,0
78,Braxton,Promotion,Kindergarten,168
79,Braxton,Retention,Kindergarten,10
80,Braxton,Promotion,First Grade,157
81,Braxton,Retention,First Grade,3
82,Braxton,Promotion,Second Grade,155
83,Braxton,Retention,Second Grade,4
84,Braxton,Promotion,Third Grade,150
85,Braxton,Retention,Third Grade,2
86,Braxton,Promotion,Fourth Grade,149
87,Braxton,Retention,Fourth Grade,2
88,Braxton,Promotion,Fifth Grade,151
89,Braxton,Retention,Fifth Grade,1
90,Braxton,Promotion,Sixth Grade,171
91,Braxton,Retention,Sixth Grade,0
92,Braxton,Promotion,Seventh Grade,132
93,Braxton,Retention,Seventh Grade,0
94,Braxton,Promotion,Eighth Grade,152
95,Braxton,Retention,Eighth Grade,0
96,Braxton,Promotion,Ninth Grade,168
97,Braxton,Retention,Ninth Grade,5
98,Braxton,Promotion,Tenth Grade,156
99,Braxton,Retention,Tenth Grade,3
100,Braxton,Promotion,Eleventh Grade,126
101,Braxton,Retention,Eleventh Grade,4
102,Braxton,Promotion,Twelfth Grade,121
103,Braxton,Retention,Twelfth Grade,9
104,Brooke,Promotion,Kindergarten,226
105,Brooke,Retention,Kindergarten,15
106,Brooke,Promotion,First Grade,224
107,Brooke,Retention,First Grade,2
108,Brooke,Promotion,Second Grade,224
109,Brooke,Retention,Second Grade,2
110,Brooke,Promotion,Third Grade,236
111,Brooke,Retention,Third Grade,1
112,Brooke,Promotion,Fourth Grade,227
113,Brooke,Retention,Fourth Grade,0
114,Brooke,Promotion,Fifth Grade,236
115,Brooke,Retention,Fifth Grade,0
116,Brooke,Promotion,Sixth Grade,216
117,Brooke,Retention,Sixth Grade,0
118,Brooke,Promotion,Seventh Grade,230
119,Brooke,Retention,Seventh Grade,0
120,Brooke,Promotion,Eighth Grade,257
121,Brooke,Retention,Eighth Grade,0
122,Brooke,Promotion,Ninth Grade,251
123,Brooke,Retention,Ninth Grade,19
124,Brooke,Promotion,Tenth Grade,241
125,Brooke,Retention,Tenth Grade,8
126,Brooke,Promotion,Eleventh Grade,220
127,Brooke,Retention,Eleventh Grade,9
128,Brooke,Promotion,Twelfth Grade,220
129,Brooke,Retention,Twelfth Grade,0
130,Cabell,Promotion,Kindergarten,973
131,Cabell,Retention,Kindergarten,71
132,Cabell,Promotion,First Grade,991
133,Cabell,Retention,First Grade,34
134,Cabell,Promotion,Second Grade,976
135,Cabell,Retention,Second Grade,12
136,Cabell,Promotion,Third Grade,951
137,Cabell,Retention,Third Grade,3
138,Cabell,Promotion,Fourth Grade,960
139,Cabell,Retention,Fourth Grade,2
140,Cabell,Promotion,Fifth Grade,946
141,Cabell,Retention,Fifth Grade,1
142,Cabell,Promotion,Sixth Grade,937
143,Cabell,Retention,Sixth Grade,9
144,Cabell,Promotion,Seventh Grade,991
145,Cabell,Retention,Seventh Grade,2
146,Cabell,Promotion,Eighth Grade,947
147,Cabell,Retention,Eighth Grade,6
148,Cabell,Promotion,Ninth Grade,912
149,Cabell,Retention,Ninth Grade,26
150,Cabell,Promotion,Tenth Grade,879
151,Cabell,Retention,Tenth Grade,35
152,Cabell,Promotion,Eleventh Grade,814
153,Cabell,Retention,Eleventh Grade,20
154,Cabell,Promotion,Twelfth Grade,738
155,Cabell,Retention,Twelfth Grade,25
156,Calhoun,Promotion,Kindergarten,72
157,Calhoun,Retention,Kindergarten,7
158,Calhoun,Promotion,First Grade,68
159,Calhoun,Retention,First Grade,6
160,Calhoun,Promotion,Second Grade,71
161,Calhoun,Retention,Second Grade,5
162,Calhoun,Promotion,Third Grade,87
163,Calhoun,Retention,Third Grade,0
164,Calhoun,Promotion,Fourth Grade,60
165,Calhoun,Retention,Fourth Grade,0
166,Calhoun,Promotion,Fifth Grade,75
167,Calhoun,Retention,Fifth Grade,5
168,Calhoun,Promotion,Sixth Grade,84
169,Calhoun,Retention,Sixth Grade,4
170,Calhoun,Promotion,Seventh Grade,69
171,Calhoun,Retention,Seventh Grade,4
172,Calhoun,Promotion,Eighth Grade,75
173,Calhoun,Retention,Eighth Grade,7
174,Calhoun,Promotion,Ninth Grade,75
175,Calhoun,Retention,Ninth Grade,0
176,Calhoun,Promotion,Tenth Grade,76
177,Calhoun,Retention,Tenth Grade,1
178,Calhoun,Promotion,Eleventh Grade,66
179,Calhoun,Retention,Eleventh Grade,0
180,Calhoun,Promotion,Twelfth Grade,74
181,Calhoun,Retention,Twelfth Grade,0
182,Clay,Promotion,Kindergarten,145
183,Clay,Retention,Kindergarten,8
184,Clay,Promotion,First Grade,155
185,Clay,Retention,First Grade,0
186,Clay,Promotion,Second Grade,146
187,Clay,Retention,Second Grade,0
188,Clay,Promotion,Third Grade,133
189,Clay,Retention,Third Grade,0
190,Clay,Promotion,Fourth Grade,141
191,Clay,Retention,Fourth Grade,0
192,Clay,Promotion,Fifth Grade,151
193,Clay,Retention,Fifth Grade,0
194,Clay,Promotion,Sixth Grade,128
195,Clay,Retention,Sixth Grade,0
196,Clay,Promotion,Seventh Grade,132
197,Clay,Retention,Seventh Grade,0
198,Clay,Promotion,Eighth Grade,125
199,Clay,Retention,Eighth Grade,0
200,Clay,Promotion,Ninth Grade,132
201,Clay,Retention,Ninth Grade,0
202,Clay,Promotion,Tenth Grade,137
203,Clay,Retention,Tenth Grade,0
204,Clay,Promotion,Eleventh Grade,109
205,Clay,Retention,Eleventh Grade,0
206,Clay,Promotion,Twelfth Grade,107
207,Clay,Retention,Twelfth Grade,19
208,Doddridge,Promotion,Kindergarten,85
209,Doddridge,Retention,Kindergarten,1
210,Doddridge,Promotion,First Grade,74
211,Doddridge,Retention,First Grade,1
212,Doddridge,Promotion,Second Grade,79
213,Doddridge,Retention,Second Grade,2
214,Doddridge,Promotion,Third Grade,90
215,Doddridge,Retention,Third Grade,0
216,Doddridge,Promotion,Fourth Grade,79
217,Doddridge,Retention,Fourth Grade,1
218,Doddridge,Promotion,Fifth Grade,66
219,Doddridge,Retention,Fifth Grade,0
220,Doddridge,Promotion,Sixth Grade,86
221,Doddridge,Retention,Sixth Grade,0
222,Doddridge,Promotion,Seventh Grade,86
223,Doddridge,Retention,Seventh Grade,0
224,Doddridge,Promotion,Eighth Grade,93
225,Doddridge,Retention,Eighth Grade,0
226,Doddridge,Promotion,Ninth Grade,87
227,Doddridge,Retention,Ninth Grade,7
228,Doddridge,Promotion,Tenth Grade,84
229,Doddridge,Retention,Tenth Grade,1
230,Doddridge,Promotion,Eleventh Grade,86
231,Doddridge,Retention,Eleventh Grade,0
232,Doddridge,Promotion,Twelfth Grade,82
233,Doddridge,Retention,Twelfth Grade,3
234,Fayette,Promotion,Kindergarten,483
235,Fayette,Retention,Kindergarten,32
236,Fayette,Promotion,First Grade,490
237,Fayette,Retention,First Grade,31
238,Fayette,Promotion,Second Grade,472
239,Fayette,Retention,Second Grade,21
240,Fayette,Promotion,Third Grade,475
241,Fayette,Retention,Third Grade,3
242,Fayette,Promotion,Fourth Grade,464
243,Fayette,Retention,Fourth Grade,0
244,Fayette,Promotion,Fifth Grade,474
245,Fayette,Retention,Fifth Grade,5
246,Fayette,Promotion,Sixth Grade,452
247,Fayette,Retention,Sixth Grade,31
248,Fayette,Promotion,Seventh Grade,527
249,Fayette,Retention,Seventh Grade,9
250,Fayette,Promotion,Eighth Grade,488
251,Fayette,Retention,Eighth Grade,8
252,Fayette,Promotion,Ninth Grade,506
253,Fayette,Retention,Ninth Grade,0
254,Fayette,Promotion,Tenth Grade,496
255,Fayette,Retention,Tenth Grade,0
256,Fayette,Promotion,Eleventh Grade,446
257,Fayette,Retention,Eleventh Grade,0
258,Fayette,Promotion,Twelfth Grade,482
259,Fayette,Retention,Twelfth Grade,18
260,Gilmer,Promotion,Kindergarten,62
261,Gilmer,Retention,Kindergarten,0
262,Gilmer,Promotion,First Grade,72
263,Gilmer,Retention,First Grade,1
264,Gilmer,Promotion,Second Grade,71
265,Gilmer,Retention,Second Grade,2
266,Gilmer,Promotion,Third Grade,60
267,Gilmer,Retention,Third Grade,0
268,Gilmer,Promotion,Fourth Grade,70
269,Gilmer,Retention,Fourth Grade,0
270,Gilmer,Promotion,Fifth Grade,54
271,Gilmer,Retention,Fifth Grade,0
272,Gilmer,Promotion,Sixth Grade,58
273,Gilmer,Retention,Sixth Grade,0
274,Gilmer,Promotion,Seventh Grade,68
275,Gilmer,Retention,Seventh Grade,0
276,Gilmer,Promotion,Eighth Grade,64
277,Gilmer,Retention,Eighth Grade,0
278,Gilmer,Promotion,Ninth Grade,71
279,Gilmer,Retention,Ninth Grade,0
280,Gilmer,Promotion,Tenth Grade,69
281,Gilmer,Retention,Tenth Grade,0
282,Gilmer,Promotion,Eleventh Grade,64
283,Gilmer,Retention,Eleventh Grade,0
284,Gilmer,Promotion,Twelfth Grade,64
285,Gilmer,Retention,Twelfth Grade,2
286,Grant,Promotion,Kindergarten,123
287,Grant,Retention,Kindergarten,0
288,Grant,Promotion,First Grade,127
289,Grant,Retention,First Grade,0
290,Grant,Promotion,Second Grade,124
291,Grant,Retention,Second Grade,0
292,Grant,Promotion,Third Grade,116
293,Grant,Retention,Third Grade,0
294,Grant,Promotion,Fourth Grade,134
295,Grant,Retention,Fourth Grade,0
296,Grant,Promotion,Fifth Grade,135
297,Grant,Retention,Fifth Grade,0
298,Grant,Promotion,Sixth Grade,122
299,Grant,Retention,Sixth Grade,0
300,Grant,Promotion,Seventh Grade,127
301,Grant,Retention,Seventh Grade,0
302,Grant,Promotion,Eighth Grade,145
303,Grant,Retention,Eighth Grade,0
304,Grant,Promotion,Ninth Grade,137
305,Grant,Retention,Ninth Grade,5
306,Grant,Promotion,Tenth Grade,140
307,Grant,Retention,Tenth Grade,0
308,Grant,Promotion,Eleventh Grade,133
309,Grant,Retention,Eleventh Grade,3
310,Grant,Promotion,Twelfth Grade,127
311,Grant,Retention,Twelfth Grade,1
312,Greenbrier,Promotion,Kindergarten,351
313,Greenbrier,Retention,Kindergarten,10
314,Greenbrier,Promotion,First Grade,396
315,Greenbrier,Retention,First Grade,8
316,Greenbrier,Promotion,Second Grade,355
317,Greenbrier,Retention,Second Grade,1
318,Greenbrier,Promotion,Third Grade,350
319,Greenbrier,Retention,Third Grade,0
320,Greenbrier,Promotion,Fourth Grade,386
321,Greenbrier,Retention,Fourth Grade,1
322,Greenbrier,Promotion,Fifth Grade,347
323,Greenbrier,Retention,Fifth Grade,0
324,Greenbrier,Promotion,Sixth Grade,396
325,Greenbrier,Retention,Sixth Grade,0
326,Greenbrier,Promotion,Seventh Grade,411
327,Greenbrier,Retention,Seventh Grade,0
328,Greenbrier,Promotion,Eighth Grade,424
329,Greenbrier,Retention,Eighth Grade,4
330,Greenbrier,Promotion,Ninth Grade,410
331,Greenbrier,Retention,Ninth Grade,0
332,Greenbrier,Promotion,Tenth Grade,348
333,Greenbrier,Retention,Tenth Grade,0
334,Greenbrier,Promotion,Eleventh Grade,348
335,Greenbrier,Retention,Eleventh Grade,0
336,Greenbrier,Promotion,Twelfth Grade,350
337,Greenbrier,Retention,Twelfth Grade,8
338,Hampshire,Promotion,Kindergarten,221
339,Hampshire,Retention,Kindergarten,7
340,Hampshire,Promotion,First Grade,241
341,Hampshire,Retention,First Grade,3
342,Hampshire,Promotion,Second Grade,216
343,Hampshire,Retention,Second Grade,2
344,Hampshire,Promotion,Third Grade,246
345,Hampshire,Retention,Third Grade,0
346,Hampshire,Promotion,Fourth Grade,214
347,Hampshire,Retention,Fourth Grade,2
348,Hampshire,Promotion,Fifth Grade,263
349,Hampshire,Retention,Fifth Grade,1
350,Hampshire,Promotion,Sixth Grade,236
351,Hampshire,Retention,Sixth Grade,1
352,Hampshire,Promotion,Seventh Grade,244
353,Hampshire,Retention,Seventh Grade,3
354,Hampshire,Promotion,Eighth Grade,293
355,Hampshire,Retention,Eighth Grade,3
356,Hampshire,Promotion,Ninth Grade,264
357,Hampshire,Retention,Ninth Grade,0
358,Hampshire,Promotion,Tenth Grade,241
359,Hampshire,Retention,Tenth Grade,0
360,Hampshire,Promotion,Eleventh Grade,257
361,Hampshire,Retention,Eleventh Grade,0
362,Hampshire,Promotion,Twelfth Grade,231
363,Hampshire,Retention,Twelfth Grade,16
364,Hancock,Promotion,Kindergarten,323
365,Hancock,Retention,Kindergarten,29
366,Hancock,Promotion,First Grade,263
367,Hancock,Retention,First Grade,21
368,Hancock,Promotion,Second Grade,286
369,Hancock,Retention,Second Grade,1
370,Hancock,Promotion,Third Grade,311
371,Hancock,Retention,Third Grade,0
372,Hancock,Promotion,Fourth Grade,307
373,Hancock,Retention,Fourth Grade,0
374,Hancock,Promotion,Fifth Grade,295
375,Hancock,Retention,Fifth Grade,3
376,Hancock,Promotion,Sixth Grade,310
377,Hancock,Retention,Sixth Grade,0
378,Hancock,Promotion,Seventh Grade,321
379,Hancock,Retention,Seventh Grade,3
380,Hancock,Promotion,Eighth Grade,309
381,Hancock,Retention,Eighth Grade,2
382,Hancock,Promotion,Ninth Grade,279
383,Hancock,Retention,Ninth Grade,23
384,Hancock,Promotion,Tenth Grade,274
385,Hancock,Retention,Tenth Grade,22
386,Hancock,Promotion,Eleventh Grade,240
387,Hancock,Retention,Eleventh Grade,5
388,Hancock,Promotion,Twelfth Grade,270
389,Hancock,Retention,Twelfth Grade,7
390,Hardy,Promotion,Kindergarten,163
391,Hardy,Retention,Kindergarten,17
392,Hardy,Promotion,First Grade,182
393,Hardy,Retention,First Grade,8
394,Hardy,Promotion,Second Grade,164
395,Hardy,Retention,Second Grade,6
396,Hardy,Promotion,Third Grade,164
397,Hardy,Retention,Third Grade,1
398,Hardy,Promotion,Fourth Grade,165
399,Hardy,Retention,Fourth Grade,2
400,Hardy,Promotion,Fifth Grade,179
401,Hardy,Retention,Fifth Grade,0
402,Hardy,Promotion,Sixth Grade,165
403,Hardy,Retention,Sixth Grade,0
404,Hardy,Promotion,Seventh Grade,180
405,Hardy,Retention,Seventh Grade,0
406,Hardy,Promotion,Eighth Grade,154
407,Hardy,Retention,Eighth Grade,0
408,Hardy,Promotion,Ninth Grade,157
409,Hardy,Retention,Ninth Grade,11
410,Hardy,Promotion,Tenth Grade,146
411,Hardy,Retention,Tenth Grade,4
412,Hardy,Promotion,Eleventh Grade,160
413,Hardy,Retention,Eleventh Grade,2
414,Hardy,Promotion,Twelfth Grade,152
415,Hardy,Retention,Twelfth Grade,2
416,Harrison,Promotion,Kindergarten,790
417,Harrison,Retention,Kindergarten,42
418,Harrison,Promotion,First Grade,797
419,Harrison,Retention,First Grade,30
420,Harrison,Promotion,Second Grade,787
421,Harrison,Retention,Second Grade,10
422,Harrison,Promotion,Third Grade,835
423,Harrison,Retention,Third Grade,3
424,Harrison,Promotion,Fourth Grade,764
425,Harrison,Retention,Fourth Grade,1
426,Harrison,Promotion,Fifth Grade,774
427,Harrison,Retention,Fifth Grade,0
428,Harrison,Promotion,Sixth Grade,753
429,Harrison,Retention,Sixth Grade,1
430,Harrison,Promotion,Seventh Grade,782
431,Harrison,Retention,Seventh Grade,2
432,Harrison,Promotion,Eighth Grade,809
433,Harrison,Retention,Eighth Grade,2
434,Harrison,Promotion,Ninth Grade,764
435,Harrison,Retention,Ninth Grade,28
436,Harrison,Promotion,Tenth Grade,759
437,Harrison,Retention,Tenth Grade,15
438,Harrison,Promotion,Eleventh Grade,667
439,Harrison,Retention,Eleventh Grade,13
440,Harrison,Promotion,Twelfth Grade,674
441,Harrison,Retention,Twelfth Grade,16
442,Jackson,Promotion,Kindergarten,390
443,Jackson,Retention,Kindergarten,0
444,Jackson,Promotion,First Grade,360
445,Jackson,Retention,First Grade,0
446,Jackson,Promotion,Second Grade,358
447,Jackson,Retention,Second Grade,1
448,Jackson,Promotion,Third Grade,357
449,Jackson,Retention,Third Grade,0
450,Jackson,Promotion,Fourth Grade,354
451,Jackson,Retention,Fourth Grade,0
452,Jackson,Promotion,Fifth Grade,351
453,Jackson,Retention,Fifth Grade,0
454,Jackson,Promotion,Sixth Grade,364
455,Jackson,Retention,Sixth Grade,1
456,Jackson,Promotion,Seventh Grade,362
457,Jackson,Retention,Seventh Grade,1
458,Jackson,Promotion,Eighth Grade,350
459,Jackson,Retention,Eighth Grade,0
460,Jackson,Promotion,Ninth Grade,342
461,Jackson,Retention,Ninth Grade,47
462,Jackson,Promotion,Tenth Grade,312
463,Jackson,Retention,Tenth Grade,36
464,Jackson,Promotion,Eleventh Grade,314
465,Jackson,Retention,Eleventh Grade,4
466,Jackson,Promotion,Twelfth Grade,290
467,Jackson,Retention,Twelfth Grade,5
468,Jefferson,Promotion,Kindergarten,686
469,Jefferson,Retention,Kindergarten,20
470,Jefferson,Promotion,First Grade,714
471,Jefferson,Retention,First Grade,24
472,Jefferson,Promotion,Second Grade,625
473,Jefferson,Retention,Second Grade,20
474,Jefferson,Promotion,Third Grade,666
475,Jefferson,Retention,Third Grade,2
476,Jefferson,Promotion,Fourth Grade,683
477,Jefferson,Retention,Fourth Grade,2
478,Jefferson,Promotion,Fifth Grade,644
479,Jefferson,Retention,Fifth Grade,0
480,Jefferson,Promotion,Sixth Grade,716
481,Jefferson,Retention,Sixth Grade,2
482,Jefferson,Promotion,Seventh Grade,709
483,Jefferson,Retention,Seventh Grade,3
484,Jefferson,Promotion,Eighth Grade,683
485,Jefferson,Retention,Eighth Grade,12
486,Jefferson,Promotion,Ninth Grade,697
487,Jefferson,Retention,Ninth Grade,8
488,Jefferson,Promotion,Tenth Grade,620
489,Jefferson,Retention,Tenth Grade,5
490,Jefferson,Promotion,Eleventh Grade,519
491,Jefferson,Retention,Eleventh Grade,1
492,Jefferson,Promotion,Twelfth Grade,568
493,Jefferson,Retention,Twelfth Grade,21
494,Kanawha,Promotion,Kindergarten,2067
495,Kanawha,Retention,Kindergarten,63
496,Kanawha,Promotion,First Grade,2019
497,Kanawha,Retention,First Grade,91
498,Kanawha,Promotion,Second Grade,1972
499,Kanawha,Retention,Second Grade,36
500,Kanawha,Promotion,Third Grade,2013
501,Kanawha,Retention,Third Grade,8
502,Kanawha,Promotion,Fourth Grade,2106
503,Kanawha,Retention,Fourth Grade,4
504,Kanawha,Promotion,Fifth Grade,2069
505,Kanawha,Retention,Fifth Grade,2
506,Kanawha,Promotion,Sixth Grade,2134
507,Kanawha,Retention,Sixth Grade,36
508,Kanawha,Promotion,Seventh Grade,2008
509,Kanawha,Retention,Seventh Grade,41
510,Kanawha,Promotion,Eighth Grade,2055
511,Kanawha,Retention,Eighth Grade,34
512,Kanawha,Promotion,Ninth Grade,1926
513,Kanawha,Retention,Ninth Grade,292
514,Kanawha,Promotion,Tenth Grade,1782
515,Kanawha,Retention,Tenth Grade,152
516,Kanawha,Promotion,Eleventh Grade,1657
517,Kanawha,Retention,Eleventh Grade,75
518,Kanawha,Promotion,Twelfth Grade,1605
519,Kanawha,Retention,Twelfth Grade,143
520,Lewis,Promotion,Kindergarten,198
521,Lewis,Retention,Kindergarten,21
522,Lewis,Promotion,First Grade,175
523,Lewis,Retention,First Grade,14
524,Lewis,Promotion,Second Grade,175
525,Lewis,Retention,Second Grade,14
526,Lewis,Promotion,Third Grade,154
527,Lewis,Retention,Third Grade,17
528,Lewis,Promotion,Fourth Grade,132
529,Lewis,Retention,Fourth Grade,13
530,Lewis,Promotion,Fifth Grade,190
531,Lewis,Retention,Fifth Grade,4
532,Lewis,Promotion,Sixth Grade,172
533,Lewis,Retention,Sixth Grade,6
534,Lewis,Promotion,Seventh Grade,193
535,Lewis,Retention,Seventh Grade,6
536,Lewis,Promotion,Eighth Grade,187
537,Lewis,Retention,Eighth Grade,0
538,Lewis,Promotion,Ninth Grade,14
539,Lewis,Retention,Ninth Grade,173
540,Lewis,Promotion,Tenth Grade,16
541,Lewis,Retention,Tenth Grade,189
542,Lewis,Promotion,Eleventh Grade,12
543,Lewis,Retention,Eleventh Grade,152
544,Lewis,Promotion,Twelfth Grade,169
545,Lewis,Retention,Twelfth Grade,5
546,Lincoln,Promotion,Kindergarten,306
547,Lincoln,Retention,Kindergarten,32
548,Lincoln,Promotion,First Grade,279
549,Lincoln,Retention,First Grade,19
550,Lincoln,Promotion,Second Grade,292
551,Lincoln,Retention,Second Grade,3
552,Lincoln,Promotion,Third Grade,277
553,Lincoln,Retention,Third Grade,0
554,Lincoln,Promotion,Fourth Grade,283
555,Lincoln,Retention,Fourth Grade,2
556,Lincoln,Promotion,Fifth Grade,280
557,Lincoln,Retention,Fifth Grade,5
558,Lincoln,Promotion,Sixth Grade,259
559,Lincoln,Retention,Sixth Grade,11
560,Lincoln,Promotion,Seventh Grade,229
561,Lincoln,Retention,Seventh Grade,13
562,Lincoln,Promotion,Eighth Grade,281
563,Lincoln,Retention,Eighth Grade,7
564,Lincoln,Promotion,Ninth Grade,241
565,Lincoln,Retention,Ninth Grade,0
566,Lincoln,Promotion,Tenth Grade,246
567,Lincoln,Retention,Tenth Grade,0
568,Lincoln,Promotion,Eleventh Grade,188
569,Lincoln,Retention,Eleventh Grade,0
570,Lincoln,Promotion,Twelfth Grade,186
571,Lincoln,Retention,Twelfth Grade,5
572,Logan,Promotion,Kindergarten,435
573,Logan,Retention,Kindergarten,6
574,Logan,Promotion,First Grade,434
575,Logan,Retention,First Grade,8
576,Logan,Promotion,Second Grade,425
577,Logan,Retention,Second Grade,0
578,Logan,Promotion,Third Grade,426
579,Logan,Retention,Third Grade,1
580,Logan,Promotion,Fourth Grade,451
581,Logan,Retention,Fourth Grade,5
582,Logan,Promotion,Fifth Grade,439
583,Logan,Retention,Fifth Grade,5
584,Logan,Promotion,Sixth Grade,458
585,Logan,Retention,Sixth Grade,6
586,Logan,Promotion,Seventh Grade,431
587,Logan,Retention,Seventh Grade,14
588,Logan,Promotion,Eighth Grade,426
589,Logan,Retention,Eighth Grade,30
590,Logan,Promotion,Ninth Grade,510
591,Logan,Retention,Ninth Grade,1
592,Logan,Promotion,Tenth Grade,473
593,Logan,Retention,Tenth Grade,0
594,Logan,Promotion,Eleventh Grade,433
595,Logan,Retention,Eleventh Grade,2
596,Logan,Promotion,Twelfth Grade,448
597,Logan,Retention,Twelfth Grade,3
598,Marion,Promotion,Kindergarten,614
599,Marion,Retention,Kindergarten,27
600,Marion,Promotion,First Grade,570
601,Marion,Retention,First Grade,25
602,Marion,Promotion,Second Grade,599
603,Marion,Retention,Second Grade,4
604,Marion,Promotion,Third Grade,565
605,Marion,Retention,Third Grade,5
606,Marion,Promotion,Fourth Grade,585
607,Marion,Retention,Fourth Grade,0
608,Marion,Promotion,Fifth Grade,594
609,Marion,Retention,Fifth Grade,1
610,Marion,Promotion,Sixth Grade,579
611,Marion,Retention,Sixth Grade,4
612,Marion,Promotion,Seventh Grade,573
613,Marion,Retention,Seventh Grade,2
614,Marion,Promotion,Eighth Grade,594
615,Marion,Retention,Eighth Grade,0
616,Marion,Promotion,Ninth Grade,570
617,Marion,Retention,Ninth Grade,52
618,Marion,Promotion,Tenth Grade,559
619,Marion,Retention,Tenth Grade,41
620,Marion,Promotion,Eleventh Grade,479
621,Marion,Retention,Eleventh Grade,24
622,Marion,Promotion,Twelfth Grade,472
623,Marion,Retention,Twelfth Grade,19
624,Marshall,Promotion,Kindergarten,343
625,Marshall,Retention,Kindergarten,23
626,Marshall,Promotion,First Grade,306
627,Marshall,Retention,First Grade,12
628,Marshall,Promotion,Second Grade,350
629,Marshall,Retention,Second Grade,6
630,Marshall,Promotion,Third Grade,346
631,Marshall,Retention,Third Grade,0
632,Marshall,Promotion,Fourth Grade,318
633,Marshall,Retention,Fourth Grade,0
634,Marshall,Promotion,Fifth Grade,319
635,Marshall,Retention,Fifth Grade,0
636,Marshall,Promotion,Sixth Grade,350
637,Marshall,Retention,Sixth Grade,0
638,Marshall,Promotion,Seventh Grade,336
639,Marshall,Retention,Seventh Grade,0
640,Marshall,Promotion,Eighth Grade,355
641,Marshall,Retention,Eighth Grade,0
642,Marshall,Promotion,Ninth Grade,319
643,Marshall,Retention,Ninth Grade,0
644,Marshall,Promotion,Tenth Grade,347
645,Marshall,Retention,Tenth Grade,0
646,Marshall,Promotion,Eleventh Grade,318
647,Marshall,Retention,Eleventh Grade,0
648,Marshall,Promotion,Twelfth Grade,303
649,Marshall,Retention,Twelfth Grade,18
650,Mason,Promotion,Kindergarten,342
651,Mason,Retention,Kindergarten,2
652,Mason,Promotion,First Grade,310
653,Mason,Retention,First Grade,8
654,Mason,Promotion,Second Grade,299
655,Mason,Retention,Second Grade,1
656,Mason,Promotion,Third Grade,312
657,Mason,Retention,Third Grade,1
658,Mason,Promotion,Fourth Grade,327
659,Mason,Retention,Fourth Grade,3
660,Mason,Promotion,Fifth Grade,267
661,Mason,Retention,Fifth Grade,0
662,Mason,Promotion,Sixth Grade,303
663,Mason,Retention,Sixth Grade,1
664,Mason,Promotion,Seventh Grade,309
665,Mason,Retention,Seventh Grade,2
666,Mason,Promotion,Eighth Grade,322
667,Mason,Retention,Eighth Grade,3
668,Mason,Promotion,Ninth Grade,304
669,Mason,Retention,Ninth Grade,0
670,Mason,Promotion,Tenth Grade,308
671,Mason,Retention,Tenth Grade,0
672,Mason,Promotion,Eleventh Grade,294
673,Mason,Retention,Eleventh Grade,0
674,Mason,Promotion,Twelfth Grade,304
675,Mason,Retention,Twelfth Grade,9
676,Mcdowell,Promotion,Kindergarten,254
677,Mcdowell,Retention,Kindergarten,4
678,Mcdowell,Promotion,First Grade,278
679,Mcdowell,Retention,First Grade,2
680,Mcdowell,Promotion,Second Grade,234
681,Mcdowell,Retention,Second Grade,1
682,Mcdowell,Promotion,Third Grade,246
683,Mcdowell,Retention,Third Grade,0
684,Mcdowell,Promotion,Fourth Grade,245
685,Mcdowell,Retention,Fourth Grade,0
686,Mcdowell,Promotion,Fifth Grade,244
687,Mcdowell,Retention,Fifth Grade,0
688,Mcdowell,Promotion,Sixth Grade,259
689,Mcdowell,Retention,Sixth Grade,0
690,Mcdowell,Promotion,Seventh Grade,250
691,Mcdowell,Retention,Seventh Grade,0
692,Mcdowell,Promotion,Eighth Grade,237
693,Mcdowell,Retention,Eighth Grade,2
694,Mcdowell,Promotion,Ninth Grade,281
695,Mcdowell,Retention,Ninth Grade,1
696,Mcdowell,Promotion,Tenth Grade,234
697,Mcdowell,Retention,Tenth Grade,5
698,Mcdowell,Promotion,Eleventh Grade,207
699,Mcdowell,Retention,Eleventh Grade,0
700,Mcdowell,Promotion,Twelfth Grade,205
701,Mcdowell,Retention,Twelfth Grade,11
702,Mercer,Promotion,Kindergarten,732
703,Mercer,Retention,Kindergarten,49
704,Mercer,Promotion,First Grade,737
705,Mercer,Retention,First Grade,24
706,Mercer,Promotion,Second Grade,642
707,Mercer,Retention,Second Grade,8
708,Mercer,Promotion,Third Grade,625
709,Mercer,Retention,Third Grade,5
710,Mercer,Promotion,Fourth Grade,657
711,Mercer,Retention,Fourth Grade,6
712,Mercer,Promotion,Fifth Grade,668
713,Mercer,Retention,Fifth Grade,5
714,Mercer,Promotion,Sixth Grade,717
715,Mercer,Retention,Sixth Grade,12
716,Mercer,Promotion,Seventh Grade,650
717,Mercer,Retention,Seventh Grade,20
718,Mercer,Promotion,Eighth Grade,712
719,Mercer,Retention,Eighth Grade,20
720,Mercer,Promotion,Ninth Grade,605
721,Mercer,Retention,Ninth Grade,71
722,Mercer,Promotion,Tenth Grade,630
723,Mercer,Retention,Tenth Grade,46
724,Mercer,Promotion,Eleventh Grade,578
725,Mercer,Retention,Eleventh Grade,21
726,Mercer,Promotion,Twelfth Grade,606
727,Mercer,Retention,Twelfth Grade,30
728,Mineral,Promotion,Kindergarten,304
729,Mineral,Retention,Kindergarten,15
730,Mineral,Promotion,First Grade,288
731,Mineral,Retention,First Grade,8
732,Mineral,Promotion,Second Grade,265
733,Mineral,Retention,Second Grade,2
734,Mineral,Promotion,Third Grade,301
735,Mineral,Retention,Third Grade,0
736,Mineral,Promotion,Fourth Grade,300
737,Mineral,Retention,Fourth Grade,0
738,Mineral,Promotion,Fifth Grade,285
739,Mineral,Retention,Fifth Grade,2
740,Mineral,Promotion,Sixth Grade,301
741,Mineral,Retention,Sixth Grade,2
742,Mineral,Promotion,Seventh Grade,297
743,Mineral,Retention,Seventh Grade,0
744,Mineral,Promotion,Eighth Grade,303
745,Mineral,Retention,Eighth Grade,9
746,Mineral,Promotion,Ninth Grade,336
747,Mineral,Retention,Ninth Grade,12
748,Mineral,Promotion,Tenth Grade,276
749,Mineral,Retention,Tenth Grade,13
750,Mineral,Promotion,Eleventh Grade,305
751,Mineral,Retention,Eleventh Grade,3
752,Mineral,Promotion,Twelfth Grade,263
753,Mineral,Retention,Twelfth Grade,4
754,Mingo,Promotion,Kindergarten,326
755,Mingo,Retention,Kindergarten,34
756,Mingo,Promotion,First Grade,335
757,Mingo,Retention,First Grade,16
758,Mingo,Promotion,Second Grade,317
759,Mingo,Retention,Second Grade,3
760,Mingo,Promotion,Third Grade,320
761,Mingo,Retention,Third Grade,2
762,Mingo,Promotion,Fourth Grade,310
763,Mingo,Retention,Fourth Grade,3
764,Mingo,Promotion,Fifth Grade,343
765,Mingo,Retention,Fifth Grade,1
766,Mingo,Promotion,Sixth Grade,345
767,Mingo,Retention,Sixth Grade,1
768,Mingo,Promotion,Seventh Grade,311
769,Mingo,Retention,Seventh Grade,0
770,Mingo,Promotion,Eighth Grade,335
771,Mingo,Retention,Eighth Grade,0
772,Mingo,Promotion,Ninth Grade,282
773,Mingo,Retention,Ninth Grade,18
774,Mingo,Promotion,Tenth Grade,261
775,Mingo,Retention,Tenth Grade,12
776,Mingo,Promotion,Eleventh Grade,222
777,Mingo,Retention,Eleventh Grade,6
778,Mingo,Promotion,Twelfth Grade,228
779,Mingo,Retention,Twelfth Grade,13
780,Monongalia,Promotion,Kindergarten,844
781,Monongalia,Retention,Kindergarten,4
782,Monongalia,Promotion,First Grade,867
783,Monongalia,Retention,First Grade,5
784,Monongalia,Promotion,Second Grade,842
785,Monongalia,Retention,Second Grade,0
786,Monongalia,Promotion,Third Grade,823
787,Monongalia,Retention,Third Grade,1
788,Monongalia,Promotion,Fourth Grade,833
789,Monongalia,Retention,Fourth Grade,0
790,Monongalia,Promotion,Fifth Grade,791
791,Monongalia,Retention,Fifth Grade,1
792,Monongalia,Promotion,Sixth Grade,650
793,Monongalia,Retention,Sixth Grade,117
794,Monongalia,Promotion,Seventh Grade,650
795,Monongalia,Retention,Seventh Grade,159
796,Monongalia,Promotion,Eighth Grade,637
797,Monongalia,Retention,Eighth Grade,111
798,Monongalia,Promotion,Ninth Grade,785
799,Monongalia,Retention,Ninth Grade,58
800,Monongalia,Promotion,Tenth Grade,771
801,Monongalia,Retention,Tenth Grade,45
802,Monongalia,Promotion,Eleventh Grade,701
803,Monongalia,Retention,Eleventh Grade,24
804,Monongalia,Promotion,Twelfth Grade,712
805,Monongalia,Retention,Twelfth Grade,47
806,Monroe,Promotion,Kindergarten,133
807,Monroe,Retention,Kindergarten,14
808,Monroe,Promotion,First Grade,131
809,Monroe,Retention,First Grade,4
810,Monroe,Promotion,Second Grade,131
811,Monroe,Retention,Second Grade,0
812,Monroe,Promotion,Third Grade,130
813,Monroe,Retention,Third Grade,2
814,Monroe,Promotion,Fourth Grade,113
815,Monroe,Retention,Fourth Grade,1
816,Monroe,Promotion,Fifth Grade,112
817,Monroe,Retention,Fifth Grade,4
818,Monroe,Promotion,Sixth Grade,146
819,Monroe,Retention,Sixth Grade,0
820,Monroe,Promotion,Seventh Grade,135
821,Monroe,Retention,Seventh Grade,5
822,Monroe,Promotion,Eighth Grade,131
823,Monroe,Retention,Eighth Grade,9
824,Monroe,Promotion,Ninth Grade,142
825,Monroe,Retention,Ninth Grade,15
826,Monroe,Promotion,Tenth Grade,123
827,Monroe,Retention,Tenth Grade,5
828,Monroe,Promotion,Eleventh Grade,94
829,Monroe,Retention,Eleventh Grade,1
830,Monroe,Promotion,Twelfth Grade,116
831,Monroe,Retention,Twelfth Grade,5
832,Morgan,Promotion,Kindergarten,168
833,Morgan,Retention,Kindergarten,1
834,Morgan,Promotion,First Grade,167
835,Morgan,Retention,First Grade,2
836,Morgan,Promotion,Second Grade,162
837,Morgan,Retention,Second Grade,2
838,Morgan,Promotion,Third Grade,191
839,Morgan,Retention,Third Grade,0
840,Morgan,Promotion,Fourth Grade,166
841,Morgan,Retention,Fourth Grade,0
842,Morgan,Promotion,Fifth Grade,183
843,Morgan,Retention,Fifth Grade,0
844,Morgan,Promotion,Sixth Grade,177
845,Morgan,Retention,Sixth Grade,0
846,Morgan,Promotion,Seventh Grade,187
847,Morgan,Retention,Seventh Grade,3
848,Morgan,Promotion,Eighth Grade,195
849,Morgan,Retention,Eighth Grade,1
850,Morgan,Promotion,Ninth Grade,191
851,Morgan,Retention,Ninth Grade,43
852,Morgan,Promotion,Tenth Grade,186
853,Morgan,Retention,Tenth Grade,13
854,Morgan,Promotion,Eleventh Grade,178
855,Morgan,Retention,Eleventh Grade,2
856,Morgan,Promotion,Twelfth Grade,204
857,Morgan,Retention,Twelfth Grade,6
858,Nicholas,Promotion,Kindergarten,302
859,Nicholas,Retention,Kindergarten,0
860,Nicholas,Promotion,First Grade,336
861,Nicholas,Retention,First Grade,2
862,Nicholas,Promotion,Second Grade,300
863,Nicholas,Retention,Second Grade,0
864,Nicholas,Promotion,Third Grade,279
865,Nicholas,Retention,Third Grade,0
866,Nicholas,Promotion,Fourth Grade,276
867,Nicholas,Retention,Fourth Grade,0
868,Nicholas,Promotion,Fifth Grade,273
869,Nicholas,Retention,Fifth Grade,0
870,Nicholas,Promotion,Sixth Grade,275
871,Nicholas,Retention,Sixth Grade,0
872,Nicholas,Promotion,Seventh Grade,265
873,Nicholas,Retention,Seventh Grade,0
874,Nicholas,Promotion,Eighth Grade,301
875,Nicholas,Retention,Eighth Grade,0
876,Nicholas,Promotion,Ninth Grade,286
877,Nicholas,Retention,Ninth Grade,0
878,Nicholas,Promotion,Tenth Grade,279
879,Nicholas,Retention,Tenth Grade,0
880,Nicholas,Promotion,Eleventh Grade,262
881,Nicholas,Retention,Eleventh Grade,0
882,Nicholas,Promotion,Twelfth Grade,270
883,Nicholas,Retention,Twelfth Grade,3
884,Ohio,Promotion,Kindergarten,384
885,Ohio,Retention,Kindergarten,3
886,Ohio,Promotion,First Grade,399
887,Ohio,Retention,First Grade,3
888,Ohio,Promotion,Second Grade,390
889,Ohio,Retention,Second Grade,0
890,Ohio,Promotion,Third Grade,414
891,Ohio,Retention,Third Grade,0
892,Ohio,Promotion,Fourth Grade,380
893,Ohio,Retention,Fourth Grade,0
894,Ohio,Promotion,Fifth Grade,374
895,Ohio,Retention,Fifth Grade,0
896,Ohio,Promotion,Sixth Grade,381
897,Ohio,Retention,Sixth Grade,0
898,Ohio,Promotion,Seventh Grade,383
899,Ohio,Retention,Seventh Grade,0
900,Ohio,Promotion,Eighth Grade,371
901,Ohio,Retention,Eighth Grade,0
902,Ohio,Promotion,Ninth Grade,398
903,Ohio,Retention,Ninth Grade,0
904,Ohio,Promotion,Tenth Grade,405
905,Ohio,Retention,Tenth Grade,0
906,Ohio,Promotion,Eleventh Grade,351
907,Ohio,Retention,Eleventh Grade,0
908,Ohio,Promotion,Twelfth Grade,406
909,Ohio,Retention,Twelfth Grade,6
910,Pendleton,Promotion,Kindergarten,66
911,Pendleton,Retention,Kindergarten,1
912,Pendleton,Promotion,First Grade,66
913,Pendleton,Retention,First Grade,3
914,Pendleton,Promotion,Second Grade,60
915,Pendleton,Retention,Second Grade,1
916,Pendleton,Promotion,Third Grade,64
917,Pendleton,Retention,Third Grade,1
918,Pendleton,Promotion,Fourth Grade,70
919,Pendleton,Retention,Fourth Grade,0
920,Pendleton,Promotion,Fifth Grade,86
921,Pendleton,Retention,Fifth Grade,0
922,Pendleton,Promotion,Sixth Grade,66
923,Pendleton,Retention,Sixth Grade,0
924,Pendleton,Promotion,Seventh Grade,58
925,Pendleton,Retention,Seventh Grade,0
926,Pendleton,Promotion,Eighth Grade,65
927,Pendleton,Retention,Eighth Grade,0
928,Pendleton,Promotion,Ninth Grade,83
929,Pendleton,Retention,Ninth Grade,0
930,Pendleton,Promotion,Tenth Grade,77
931,Pendleton,Retention,Tenth Grade,0
932,Pendleton,Promotion,Eleventh Grade,64
933,Pendleton,Retention,Eleventh Grade,0
934,Pendleton,Promotion,Twelfth Grade,83
935,Pendleton,Retention,Twelfth Grade,0
936,Pleasants,Promotion,Kindergarten,84
937,Pleasants,Retention,Kindergarten,4
938,Pleasants,Promotion,First Grade,98
939,Pleasants,Retention,First Grade,4
940,Pleasants,Promotion,Second Grade,61
941,Pleasants,Retention,Second Grade,0
942,Pleasants,Promotion,Third Grade,80
943,Pleasants,Retention,Third Grade,1
944,Pleasants,Promotion,Fourth Grade,80
945,Pleasants,Retention,Fourth Grade,0
946,Pleasants,Promotion,Fifth Grade,78
947,Pleasants,Retention,Fifth Grade,0
948,Pleasants,Promotion,Sixth Grade,88
949,Pleasants,Retention,Sixth Grade,1
950,Pleasants,Promotion,Seventh Grade,85
951,Pleasants,Retention,Seventh Grade,1
952,Pleasants,Promotion,Eighth Grade,104
953,Pleasants,Retention,Eighth Grade,0
954,Pleasants,Promotion,Ninth Grade,109
955,Pleasants,Retention,Ninth Grade,1
956,Pleasants,Promotion,Tenth Grade,94
957,Pleasants,Retention,Tenth Grade,0
958,Pleasants,Promotion,Eleventh Grade,81
959,Pleasants,Retention,Eleventh Grade,0
960,Pleasants,Promotion,Twelfth Grade,107
961,Pleasants,Retention,Twelfth Grade,3
962,Pocahontas,Promotion,Kindergarten,59
963,Pocahontas,Retention,Kindergarten,9
964,Pocahontas,Promotion,First Grade,82
965,Pocahontas,Retention,First Grade,5
966,Pocahontas,Promotion,Second Grade,69
967,Pocahontas,Retention,Second Grade,7
968,Pocahontas,Promotion,Third Grade,63
969,Pocahontas,Retention,Third Grade,2
970,Pocahontas,Promotion,Fourth Grade,85
971,Pocahontas,Retention,Fourth Grade,3
972,Pocahontas,Promotion,Fifth Grade,75
973,Pocahontas,Retention,Fifth Grade,0
974,Pocahontas,Promotion,Sixth Grade,85
975,Pocahontas,Retention,Sixth Grade,1
976,Pocahontas,Promotion,Seventh Grade,75
977,Pocahontas,Retention,Seventh Grade,1
978,Pocahontas,Promotion,Eighth Grade,78
979,Pocahontas,Retention,Eighth Grade,1
980,Pocahontas,Promotion,Ninth Grade,82
981,Pocahontas,Retention,Ninth Grade,12
982,Pocahontas,Promotion,Tenth Grade,67
983,Pocahontas,Retention,Tenth Grade,5
984,Pocahontas,Promotion,Eleventh Grade,75
985,Pocahontas,Retention,Eleventh Grade,4
986,Pocahontas,Promotion,Twelfth Grade,78
987,Pocahontas,Retention,Twelfth Grade,0
988,Preston,Promotion,Kindergarten,355
989,Preston,Retention,Kindergarten,12
990,Preston,Promotion,First Grade,328
991,Preston,Retention,First Grade,4
992,Preston,Promotion,Second Grade,345
993,Preston,Retention,Second Grade,7
994,Preston,Promotion,Third Grade,323
995,Preston,Retention,Third Grade,2
996,Preston,Promotion,Fourth Grade,338
997,Preston,Retention,Fourth Grade,1
998,Preston,Promotion,Fifth Grade,326
999,Preston,Retention,Fifth Grade,1
1000,Preston,Promotion,Sixth Grade,322
1001,Preston,Retention,Sixth Grade,1
1002,Preston,Promotion,Seventh Grade,316
1003,Preston,Retention,Seventh Grade,0
1004,Preston,Promotion,Eighth Grade,321
1005,Preston,Retention,Eighth Grade,1
1006,Preston,Promotion,Ninth Grade,329
1007,Preston,Retention,Ninth Grade,4
1008,Preston,Promotion,Tenth Grade,316
1009,Preston,Retention,Tenth Grade,0
1010,Preston,Promotion,Eleventh Grade,289
1011,Preston,Retention,Eleventh Grade,1
1012,Preston,Promotion,Twelfth Grade,312
1013,Preston,Retention,Twelfth Grade,0
1014,Putnam,Promotion,Kindergarten,651
1015,Putnam,Retention,Kindergarten,44
1016,Putnam,Promotion,First Grade,667
1017,Putnam,Retention,First Grade,18
1018,Putnam,Promotion,Second Grade,733
1019,Putnam,Retention,Second Grade,15
1020,Putnam,Promotion,Third Grade,685
1021,Putnam,Retention,Third Grade,5
1022,Putnam,Promotion,Fourth Grade,750
1023,Putnam,Retention,Fourth Grade,3
1024,Putnam,Promotion,Fifth Grade,729
1025,Putnam,Retention,Fifth Grade,3
1026,Putnam,Promotion,Sixth Grade,729
1027,Putnam,Retention,Sixth Grade,3
1028,Putnam,Promotion,Seventh Grade,740
1029,Putnam,Retention,Seventh Grade,3
1030,Putnam,Promotion,Eighth Grade,750
1031,Putnam,Retention,Eighth Grade,4
1032,Putnam,Promotion,Ninth Grade,753
1033,Putnam,Retention,Ninth Grade,43
1034,Putnam,Promotion,Tenth Grade,695
1035,Putnam,Retention,Tenth Grade,20
1036,Putnam,Promotion,Eleventh Grade,628
1037,Putnam,Retention,Eleventh Grade,7
1038,Putnam,Promotion,Twelfth Grade,668
1039,Putnam,Retention,Twelfth Grade,13
1040,Raleigh,Promotion,Kindergarten,923
1041,Raleigh,Retention,Kindergarten,11
1042,Raleigh,Promotion,First Grade,973
1043,Raleigh,Retention,First Grade,13
1044,Raleigh,Promotion,Second Grade,896
1045,Raleigh,Retention,Second Grade,6
1046,Raleigh,Promotion,Third Grade,915
1047,Raleigh,Retention,Third Grade,3
1048,Raleigh,Promotion,Fourth Grade,886
1049,Raleigh,Retention,Fourth Grade,1
1050,Raleigh,Promotion,Fifth Grade,888
1051,Raleigh,Retention,Fifth Grade,0
1052,Raleigh,Promotion,Sixth Grade,904
1053,Raleigh,Retention,Sixth Grade,19
1054,Raleigh,Promotion,Seventh Grade,845
1055,Raleigh,Retention,Seventh Grade,32
1056,Raleigh,Promotion,Eighth Grade,860
1057,Raleigh,Retention,Eighth Grade,43
1058,Raleigh,Promotion,Ninth Grade,875
1059,Raleigh,Retention,Ninth Grade,42
1060,Raleigh,Promotion,Tenth Grade,862
1061,Raleigh,Retention,Tenth Grade,2
1062,Raleigh,Promotion,Eleventh Grade,783
1063,Raleigh,Retention,Eleventh Grade,2
1064,Raleigh,Promotion,Twelfth Grade,753
1065,Raleigh,Retention,Twelfth Grade,14
1066,Randolph,Promotion,Kindergarten,314
1067,Randolph,Retention,Kindergarten,24
1068,Randolph,Promotion,First Grade,340
1069,Randolph,Retention,First Grade,17
1070,Randolph,Promotion,Second Grade,281
1071,Randolph,Retention,Second Grade,10
1072,Randolph,Promotion,Third Grade,334
1073,Randolph,Retention,Third Grade,7
1074,Randolph,Promotion,Fourth Grade,320
1075,Randolph,Retention,Fourth Grade,2
1076,Randolph,Promotion,Fifth Grade,319
1077,Randolph,Retention,Fifth Grade,0
1078,Randolph,Promotion,Sixth Grade,283
1079,Randolph,Retention,Sixth Grade,1
1080,Randolph,Promotion,Seventh Grade,323
1081,Randolph,Retention,Seventh Grade,0
1082,Randolph,Promotion,Eighth Grade,294
1083,Randolph,Retention,Eighth Grade,1
1084,Randolph,Promotion,Ninth Grade,264
1085,Randolph,Retention,Ninth Grade,1
1086,Randolph,Promotion,Tenth Grade,290
1087,Randolph,Retention,Tenth Grade,4
1088,Randolph,Promotion,Eleventh Grade,264
1089,Randolph,Retention,Eleventh Grade,0
1090,Randolph,Promotion,Twelfth Grade,262
1091,Randolph,Retention,Twelfth Grade,0
1092,Ritchie,Promotion,Kindergarten,111
1093,Ritchie,Retention,Kindergarten,2
1094,Ritchie,Promotion,First Grade,100
1095,Ritchie,Retention,First Grade,1
1096,Ritchie,Promotion,Second Grade,104
1097,Ritchie,Retention,Second Grade,0
1098,Ritchie,Promotion,Third Grade,113
1099,Ritchie,Retention,Third Grade,1
1100,Ritchie,Promotion,Fourth Grade,119
1101,Ritchie,Retention,Fourth Grade,0
1102,Ritchie,Promotion,Fifth Grade,119
1103,Ritchie,Retention,Fifth Grade,1
1104,Ritchie,Promotion,Sixth Grade,113
1105,Ritchie,Retention,Sixth Grade,1
1106,Ritchie,Promotion,Seventh Grade,106
1107,Ritchie,Retention,Seventh Grade,0
1108,Ritchie,Promotion,Eighth Grade,105
1109,Ritchie,Retention,Eighth Grade,0
1110,Ritchie,Promotion,Ninth Grade,93
1111,Ritchie,Retention,Ninth Grade,11
1112,Ritchie,Promotion,Tenth Grade,114
1113,Ritchie,Retention,Tenth Grade,3
1114,Ritchie,Promotion,Eleventh Grade,87
1115,Ritchie,Retention,Eleventh Grade,1
1116,Ritchie,Promotion,Twelfth Grade,106
1117,Ritchie,Retention,Twelfth Grade,5
1118,Roane,Promotion,Kindergarten,179
1119,Roane,Retention,Kindergarten,15
1120,Roane,Promotion,First Grade,166
1121,Roane,Retention,First Grade,14
1122,Roane,Promotion,Second Grade,152
1123,Roane,Retention,Second Grade,12
1124,Roane,Promotion,Third Grade,149
1125,Roane,Retention,Third Grade,11
1126,Roane,Promotion,Fourth Grade,177
1127,Roane,Retention,Fourth Grade,10
1128,Roane,Promotion,Fifth Grade,159
1129,Roane,Retention,Fifth Grade,10
1130,Roane,Promotion,Sixth Grade,153
1131,Roane,Retention,Sixth Grade,13
1132,Roane,Promotion,Seventh Grade,161
1133,Roane,Retention,Seventh Grade,0
1134,Roane,Promotion,Eighth Grade,191
1135,Roane,Retention,Eighth Grade,0
1136,Roane,Promotion,Ninth Grade,185
1137,Roane,Retention,Ninth Grade,23
1138,Roane,Promotion,Tenth Grade,141
1139,Roane,Retention,Tenth Grade,14
1140,Roane,Promotion,Eleventh Grade,154
1141,Roane,Retention,Eleventh Grade,4
1142,Roane,Promotion,Twelfth Grade,161
1143,Roane,Retention,Twelfth Grade,5
1144,School For Deaf And Blind,Promotion,Kindergarten,0
1145,School For Deaf And Blind,Retention,Kindergarten,0
1146,School For Deaf And Blind,Promotion,First Grade,0
1147,School For Deaf And Blind,Retention,First Grade,0
1148,School For Deaf And Blind,Promotion,Second Grade,0
1149,School For Deaf And Blind,Retention,Second Grade,0
1150,School For Deaf And Blind,Promotion,Third Grade,0
1151,School For Deaf And Blind,Retention,Third Grade,0
1152,School For Deaf And Blind,Promotion,Fourth Grade,0
1153,School For Deaf And Blind,Retention,Fourth Grade,0
1154,School For Deaf And Blind,Promotion,Fifth Grade,0
1155,School For Deaf And Blind,Retention,Fifth Grade,0
1156,School For Deaf And Blind,Promotion,Sixth Grade,0
1157,School For Deaf And Blind,Retention,Sixth Grade,0
1158,School For Deaf And Blind,Promotion,Seventh Grade,0
1159,School For Deaf And Blind,Retention,Seventh Grade,0
1160,School For Deaf And Blind,Promotion,Eighth Grade,0
1161,School For Deaf And Blind,Retention,Eighth Grade,0
1162,School For Deaf And Blind,Promotion,Ninth Grade,0
1163,School For Deaf And Blind,Retention,Ninth Grade,0
1164,School For Deaf And Blind,Promotion,Tenth Grade,0
1165,School For Deaf And Blind,Retention,Tenth Grade,0
1166,School For Deaf And Blind,Promotion,Eleventh Grade,0
1167,School For Deaf And Blind,Retention,Eleventh Grade,0
1168,School For Deaf And Blind,Promotion,Twelfth Grade,0
1169,School For Deaf And Blind,Retention,Twelfth Grade,0
1170,Summers,Promotion,Kindergarten,141
1171,Summers,Retention,Kindergarten,2
1172,Summers,Promotion,First Grade,130
1173,Summers,Retention,First Grade,5
1174,Summers,Promotion,Second Grade,113
1175,Summers,Retention,Second Grade,2
1176,Summers,Promotion,Third Grade,138
1177,Summers,Retention,Third Grade,0
1178,Summers,Promotion,Fourth Grade,114
1179,Summers,Retention,Fourth Grade,0
1180,Summers,Promotion,Fifth Grade,110
1181,Summers,Retention,Fifth Grade,0
1182,Summers,Promotion,Sixth Grade,103
1183,Summers,Retention,Sixth Grade,0
1184,Summers,Promotion,Seventh Grade,115
1185,Summers,Retention,Seventh Grade,0
1186,Summers,Promotion,Eighth Grade,107
1187,Summers,Retention,Eighth Grade,0
1188,Summers,Promotion,Ninth Grade,105
1189,Summers,Retention,Ninth Grade,0
1190,Summers,Promotion,Tenth Grade,107
1191,Summers,Retention,Tenth Grade,0
1192,Summers,Promotion,Eleventh Grade,92
1193,Summers,Retention,Eleventh Grade,2
1194,Summers,Promotion,Twelfth Grade,86
1195,Summers,Retention,Twelfth Grade,0
1196,Taylor,Promotion,Kindergarten,111
1197,Taylor,Retention,Kindergarten,75
1198,Taylor,Promotion,First Grade,59
1199,Taylor,Retention,First Grade,127
1200,Taylor,Promotion,Second Grade,43
1201,Taylor,Retention,Second Grade,139
1202,Taylor,Promotion,Third Grade,45
1203,Taylor,Retention,Third Grade,136
1204,Taylor,Promotion,Fourth Grade,37
1205,Taylor,Retention,Fourth Grade,153
1206,Taylor,Promotion,Fifth Grade,14
1207,Taylor,Retention,Fifth Grade,179
1208,Taylor,Promotion,Sixth Grade,13
1209,Taylor,Retention,Sixth Grade,156
1210,Taylor,Promotion,Seventh Grade,8
1211,Taylor,Retention,Seventh Grade,152
1212,Taylor,Promotion,Eighth Grade,13
1213,Taylor,Retention,Eighth Grade,149
1214,Taylor,Promotion,Ninth Grade,179
1215,Taylor,Retention,Ninth Grade,0
1216,Taylor,Promotion,Tenth Grade,158
1217,Taylor,Retention,Tenth Grade,0
1218,Taylor,Promotion,Eleventh Grade,155
1219,Taylor,Retention,Eleventh Grade,0
1220,Taylor,Promotion,Twelfth Grade,143
1221,Taylor,Retention,Twelfth Grade,0
1222,Tucker,Promotion,Kindergarten,63
1223,Tucker,Retention,Kindergarten,3
1224,Tucker,Promotion,First Grade,54
1225,Tucker,Retention,First Grade,0
1226,Tucker,Promotion,Second Grade,67
1227,Tucker,Retention,Second Grade,1
1228,Tucker,Promotion,Third Grade,60
1229,Tucker,Retention,Third Grade,0
1230,Tucker,Promotion,Fourth Grade,87
1231,Tucker,Retention,Fourth Grade,1
1232,Tucker,Promotion,Fifth Grade,76
1233,Tucker,Retention,Fifth Grade,0
1234,Tucker,Promotion,Sixth Grade,64
1235,Tucker,Retention,Sixth Grade,0
1236,Tucker,Promotion,Seventh Grade,69
1237,Tucker,Retention,Seventh Grade,0
1238,Tucker,Promotion,Eighth Grade,88
1239,Tucker,Retention,Eighth Grade,0
1240,Tucker,Promotion,Ninth Grade,82
1241,Tucker,Retention,Ninth Grade,0
1242,Tucker,Promotion,Tenth Grade,90
1243,Tucker,Retention,Tenth Grade,0
1244,Tucker,Promotion,Eleventh Grade,61
1245,Tucker,Retention,Eleventh Grade,0
1246,Tucker,Promotion,Twelfth Grade,84
1247,Tucker,Retention,Twelfth Grade,0
1248,Tyler,Promotion,Kindergarten,90
1249,Tyler,Retention,Kindergarten,6
1250,Tyler,Promotion,First Grade,96
1251,Tyler,Retention,First Grade,0
1252,Tyler,Promotion,Second Grade,91
1253,Tyler,Retention,Second Grade,0
1254,Tyler,Promotion,Third Grade,95
1255,Tyler,Retention,Third Grade,0
1256,Tyler,Promotion,Fourth Grade,96
1257,Tyler,Retention,Fourth Grade,0
1258,Tyler,Promotion,Fifth Grade,74
1259,Tyler,Retention,Fifth Grade,0
1260,Tyler,Promotion,Sixth Grade,107
1261,Tyler,Retention,Sixth Grade,0
1262,Tyler,Promotion,Seventh Grade,91
1263,Tyler,Retention,Seventh Grade,0
1264,Tyler,Promotion,Eighth Grade,108
1265,Tyler,Retention,Eighth Grade,0
1266,Tyler,Promotion,Ninth Grade,115
1267,Tyler,Retention,Ninth Grade,0
1268,Tyler,Promotion,Tenth Grade,103
1269,Tyler,Retention,Tenth Grade,1
1270,Tyler,Promotion,Eleventh Grade,86
1271,Tyler,Retention,Eleventh Grade,0
1272,Tyler,Promotion,Twelfth Grade,100
1273,Tyler,Retention,Twelfth Grade,0
1274,Upshur,Promotion,Kindergarten,261
1275,Upshur,Retention,Kindergarten,4
1276,Upshur,Promotion,First Grade,310
1277,Upshur,Retention,First Grade,2
1278,Upshur,Promotion,Second Grade,317
1279,Upshur,Retention,Second Grade,1
1280,Upshur,Promotion,Third Grade,285
1281,Upshur,Retention,Third Grade,0
1282,Upshur,Promotion,Fourth Grade,280
1283,Upshur,Retention,Fourth Grade,0
1284,Upshur,Promotion,Fifth Grade,274
1285,Upshur,Retention,Fifth Grade,0
1286,Upshur,Promotion,Sixth Grade,303
1287,Upshur,Retention,Sixth Grade,0
1288,Upshur,Promotion,Seventh Grade,305
1289,Upshur,Retention,Seventh Grade,0
1290,Upshur,Promotion,Eighth Grade,258
1291,Upshur,Retention,Eighth Grade,0
1292,Upshur,Promotion,Ninth Grade,312
1293,Upshur,Retention,Ninth Grade,0
1294,Upshur,Promotion,Tenth Grade,243
1295,Upshur,Retention,Tenth Grade,1
1296,Upshur,Promotion,Eleventh Grade,198
1297,Upshur,Retention,Eleventh Grade,0
1298,Upshur,Promotion,Twelfth Grade,241
1299,Upshur,Retention,Twelfth Grade,0
1300,Wayne,Promotion,Kindergarten,553
1301,Wayne,Retention,Kindergarten,41
1302,Wayne,Promotion,First Grade,548
1303,Wayne,Retention,First Grade,17
1304,Wayne,Promotion,Second Grade,488
1305,Wayne,Retention,Second Grade,17
1306,Wayne,Promotion,Third Grade,488
1307,Wayne,Retention,Third Grade,1
1308,Wayne,Promotion,Fourth Grade,538
1309,Wayne,Retention,Fourth Grade,0
1310,Wayne,Promotion,Fifth Grade,520
1311,Wayne,Retention,Fifth Grade,0
1312,Wayne,Promotion,Sixth Grade,567
1313,Wayne,Retention,Sixth Grade,1
1314,Wayne,Promotion,Seventh Grade,557
1315,Wayne,Retention,Seventh Grade,4
1316,Wayne,Promotion,Eighth Grade,574
1317,Wayne,Retention,Eighth Grade,0
1318,Wayne,Promotion,Ninth Grade,579
1319,Wayne,Retention,Ninth Grade,84
1320,Wayne,Promotion,Tenth Grade,480
1321,Wayne,Retention,Tenth Grade,24
1322,Wayne,Promotion,Eleventh Grade,440
1323,Wayne,Retention,Eleventh Grade,6
1324,Wayne,Promotion,Twelfth Grade,477
1325,Wayne,Retention,Twelfth Grade,2
1326,Webster,Promotion,Kindergarten,110
1327,Webster,Retention,Kindergarten,11
1328,Webster,Promotion,First Grade,109
1329,Webster,Retention,First Grade,5
1330,Webster,Promotion,Second Grade,101
1331,Webster,Retention,Second Grade,0
1332,Webster,Promotion,Third Grade,98
1333,Webster,Retention,Third Grade,0
1334,Webster,Promotion,Fourth Grade,105
1335,Webster,Retention,Fourth Grade,0
1336,Webster,Promotion,Fifth Grade,94
1337,Webster,Retention,Fifth Grade,0
1338,Webster,Promotion,Sixth Grade,98
1339,Webster,Retention,Sixth Grade,0
1340,Webster,Promotion,Seventh Grade,114
1341,Webster,Retention,Seventh Grade,1
1342,Webster,Promotion,Eighth Grade,101
1343,Webster,Retention,Eighth Grade,1
1344,Webster,Promotion,Ninth Grade,93
1345,Webster,Retention,Ninth Grade,0
1346,Webster,Promotion,Tenth Grade,94
1347,Webster,Retention,Tenth Grade,0
1348,Webster,Promotion,Eleventh Grade,110
1349,Webster,Retention,Eleventh Grade,0
1350,Webster,Promotion,Twelfth Grade,95
1351,Webster,Retention,Twelfth Grade,0
1352,Wetzel,Promotion,Kindergarten,185
1353,Wetzel,Retention,Kindergarten,5
1354,Wetzel,Promotion,First Grade,191
1355,Wetzel,Retention,First Grade,1
1356,Wetzel,Promotion,Second Grade,221
1357,Wetzel,Retention,Second Grade,0
1358,Wetzel,Promotion,Third Grade,168
1359,Wetzel,Retention,Third Grade,0
1360,Wetzel,Promotion,Fourth Grade,207
1361,Wetzel,Retention,Fourth Grade,0
1362,Wetzel,Promotion,Fifth Grade,186
1363,Wetzel,Retention,Fifth Grade,0
1364,Wetzel,Promotion,Sixth Grade,211
1365,Wetzel,Retention,Sixth Grade,0
1366,Wetzel,Promotion,Seventh Grade,181
1367,Wetzel,Retention,Seventh Grade,0
1368,Wetzel,Promotion,Eighth Grade,196
1369,Wetzel,Retention,Eighth Grade,0
1370,Wetzel,Promotion,Ninth Grade,218
1371,Wetzel,Retention,Ninth Grade,0
1372,Wetzel,Promotion,Tenth Grade,230
1373,Wetzel,Retention,Tenth Grade,0
1374,Wetzel,Promotion,Eleventh Grade,213
1375,Wetzel,Retention,Eleventh Grade,0
1376,Wetzel,Promotion,Twelfth Grade,199
1377,Wetzel,Retention,Twelfth Grade,1
1378,Wirt,Promotion,Kindergarten,68
1379,Wirt,Retention,Kindergarten,3
1380,Wirt,Promotion,First Grade,78
1381,Wirt,Retention,First Grade,0
1382,Wirt,Promotion,Second Grade,81
1383,Wirt,Retention,Second Grade,1
1384,Wirt,Promotion,Third Grade,74
1385,Wirt,Retention,Third Grade,0
1386,Wirt,Promotion,Fourth Grade,72
1387,Wirt,Retention,Fourth Grade,0
1388,Wirt,Promotion,Fifth Grade,7
1389,Wirt,Retention,Fifth Grade,56
1390,Wirt,Promotion,Sixth Grade,11
1391,Wirt,Retention,Sixth Grade,70
1392,Wirt,Promotion,Seventh Grade,6
1393,Wirt,Retention,Seventh Grade,43
1394,Wirt,Promotion,Eighth Grade,8
1395,Wirt,Retention,Eighth Grade,77
1396,Wirt,Promotion,Ninth Grade,2
1397,Wirt,Retention,Ninth Grade,74
1398,Wirt,Promotion,Tenth Grade,7
1399,Wirt,Retention,Tenth Grade,70
1400,Wirt,Promotion,Eleventh Grade,9
1401,Wirt,Retention,Eleventh Grade,63
1402,Wirt,Promotion,Twelfth Grade,84
1403,Wirt,Retention,Twelfth Grade,0
1404,Wood,Promotion,Kindergarten,951
1405,Wood,Retention,Kindergarten,29
1406,Wood,Promotion,First Grade,920
1407,Wood,Retention,First Grade,32
1408,Wood,Promotion,Second Grade,951
1409,Wood,Retention,Second Grade,14
1410,Wood,Promotion,Third Grade,972
1411,Wood,Retention,Third Grade,5
1412,Wood,Promotion,Fourth Grade,990
1413,Wood,Retention,Fourth Grade,0
1414,Wood,Promotion,Fifth Grade,940
1415,Wood,Retention,Fifth Grade,1
1416,Wood,Promotion,Sixth Grade,950
1417,Wood,Retention,Sixth Grade,4
1418,Wood,Promotion,Seventh Grade,969
1419,Wood,Retention,Seventh Grade,9
1420,Wood,Promotion,Eighth Grade,983
1421,Wood,Retention,Eighth Grade,3
1422,Wood,Promotion,Ninth Grade,1035
1423,Wood,Retention,Ninth Grade,0
1424,Wood,Promotion,Tenth Grade,957
1425,Wood,Retention,Tenth Grade,0
1426,Wood,Promotion,Eleventh Grade,883
1427,Wood,Retention,Eleventh Grade,0
1428,Wood,Promotion,Twelfth Grade,797
1429,Wood,Retention,Twelfth Grade,38
1430,Wyoming,Promotion,Kindergarten,300
1431,Wyoming,Retention,Kindergarten,45
1432,Wyoming,Promotion,First Grade,271
1433,Wyoming,Retention,First Grade,43
1434,Wyoming,Promotion,Second Grade,274
1435,Wyoming,Retention,Second Grade,16
1436,Wyoming,Promotion,Third Grade,297
1437,Wyoming,Retention,Third Grade,7
1438,Wyoming,Promotion,Fourth Grade,284
1439,Wyoming,Retention,Fourth Grade,6
1440,Wyoming,Promotion,Fifth Grade,294
1441,Wyoming,Retention,Fifth Grade,8
1442,Wyoming,Promotion,Sixth Grade,293
1443,Wyoming,Retention,Sixth Grade,5
1444,Wyoming,Promotion,Seventh Grade,292
1445,Wyoming,Retention,Seventh Grade,9
1446,Wyoming,Promotion,Eighth Grade,301
1447,Wyoming,Retention,Eighth Grade,2
1448,Wyoming,Promotion,Ninth Grade,315
1449,Wyoming,Retention,Ninth Grade,17
1450,Wyoming,Promotion,Tenth Grade,292
1451,Wyoming,Retention,Tenth Grade,0
1452,Wyoming,Promotion,Eleventh Grade,277
1453,Wyoming,Retention,Eleventh Grade,4
1454,Wyoming,Promotion,Twelfth Grade,292
1455,Wyoming,Retention,Twelfth Grade,14
